title,author_for_reference,pdf_url,page_no,domain_url,pattern_cleaned_url,github_user_cleaned_url
Neurobiologically Based Stratification of Recent Onset Depression and Psychosis: Identification of Two Distinct Transdiagnostic Phenotypes,Paris Alexandros Lalousis,https://publications.aston.ac.uk/id/eprint/43710/1/1_s2.0_S0006322322011568_main.pdf,9,https://github.com/anbai106/pyHYDRA),github.com/anbai106/pyHYDRA,anbai106/pyHYDRA
Neurobiologically Based Stratification of Recent Onset Depression and Psychosis: Identification of Two Distinct Transdiagnostic Phenotypes,Paris Alexandros Lalousis,https://publications.aston.ac.uk/id/eprint/43710/1/1_s2.0_S0006322322011568_main.pdf,10,https://github.com/Jfortin1/ComBatHarmonization).,github.com/Jfortin1/ComBatHarmonization,Jfortin1/ComBatHarmonization
cyberaCTIve: a STIX-based Tool for Cyber Threat Intelligence in Complex Models,Ricardo M. Czekster,https://publications.aston.ac.uk/id/eprint/43716/1/2204.03676.pdf,2,https://github.com/STIX-Modeler/UI.,github.com/STIX-Modeler/UI,STIX-Modeler/UI
"Global Community Guidelines for Documenting, Sharing, and Reusing Quality Information of Individual Digital Datasets",Ge Peng,https://publications.aston.ac.uk/id/eprint/43583/6/1423_10305_1_PB.pdf,17,https://github.com/AtMoDat/maturity-indicator.,github.com/AtMoDat/maturity-indicator,AtMoDat/maturity-indicator
Consent Receipts For a Usable And Auditable Web of Personal Data,Vitor Jesus,https://publications.aston.ac.uk/id/eprint/43636/1/Consent_Receipts_for_a_Usable_and_Auditable_Web_of_Personal_Data.pdf,6,https://github.com/EBISPOT/DUO,github.com/EBISPOT/DUO,EBISPOT/DUO
Fruit quality and defect image classification with conditional GAN data augmentation,Jordan J. Bird,https://publications.aston.ac.uk/id/eprint/43259/1/2104.05647.pdf,1,https://github.com/jordan-bird/synthetic-fruit-image-generator,github.com/jordan-bird/synthetic-fruit-image-generator,jordan-bird/synthetic-fruit-image-generator
Fruit quality and defect image classification with conditional GAN data augmentation,Jordan J. Bird,https://publications.aston.ac.uk/id/eprint/43259/1/2104.05647.pdf,15,"https://github.com/softwaremill/lemon-dataset,",github.com/softwaremill/lemon-dataset,softwaremill/lemon-dataset
Investigating the effects of FoxO transcriptional activity on metabolic homeostasis,Lauren Rachel McDonagh,https://publications.aston.ac.uk/id/eprint/44225/1/MCDONAGH_LAUREN_RACHEL_2022.pdf,318,https://github.com/galaxyproject/tools-,github.com/galaxyproject/tools-,galaxyproject/tools-iuc
Organism-Specific Training Improves Performance of Linear B-Cell Epitope Prediction,Jodie Ashford,https://publications.aston.ac.uk/id/eprint/42868/6/btab536.pdf,0,https://github.com/fcampelo/OrgSpec-paper.,github.com/fcampelo/OrgSpec-paper,fcampelo/OrgSpec-paper
Organism-Specific Training Improves Performance of Linear B-Cell Epitope Prediction,Jodie Ashford,https://publications.aston.ac.uk/id/eprint/42868/6/btab536.pdf,0,https://github.com/fcampelo/epitopes.,github.com/fcampelo/epitopes,fcampelo/epitopes
A cross-technology benchmark for incremental graph queries,Georg Hinkel,https://publications.aston.ac.uk/id/eprint/43344/1/Hinkel2021_Article_ACross_technologyBenchmarkForI.pdf,22,https://github.com/TimelyDataﬂow/Naiad,github.com/TimelyDataflow/Naiad,TimelyDataflow/Naiad
A cross-technology benchmark for incremental graph queries,Georg Hinkel,https://publications.aston.ac.uk/id/eprint/43344/1/Hinkel2021_Article_ACross_technologyBenchmarkForI.pdf,22,https://github.com/TimelyDataﬂow/timely-dataﬂow.,github.com/TimelyDataflow/timely-dataflow,TimelyDataflow/timely-dataflow
A cross-technology benchmark for incremental graph queries,Georg Hinkel,https://publications.aston.ac.uk/id/eprint/43344/1/Hinkel2021_Article_ACross_technologyBenchmarkForI.pdf,22,https://github.com/TimelyDataﬂow/differential-dataﬂow.,github.com/TimelyDataflow/differential-dataflow,TimelyDataflow/differential-dataflow
Similarity Search over Network Structure,Fan Wang,https://publications.aston.ac.uk/id/eprint/44226/1/WANG_Fan_2021.pdf,193,https://github.com/helixhorned/metis/tree/pk.,github.com/helixhorned/metis,helixhorned/metis
Similarity Search over Network Structure,Fan Wang,https://publications.aston.ac.uk/id/eprint/44226/1/WANG_Fan_2021.pdf,194,https://github.com/dgleich/metismex.,github.com/dgleich/metismex,dgleich/metismex
Axiomatic Reals and Certified Efficient Exact Real Computation,Michal Konečný,https://publications.aston.ac.uk/id/eprint/43083/1/WoLLIC2021_paper_28.pdf,8,https://github.com/holgerthies/coq-aern,github.com/holgerthies/coq-aern,holgerthies/coq-aern
Genome-wide association studies reveal the role of polymorphisms affecting factor H binding protein expression in host invasion by Neisseria meningitidis,Sarah G Earle,https://publications.aston.ac.uk/id/eprint/43436/1/journal.ppat.1009992.pdf,14,https://github.com/sgearle/bugwas),github.com/sgearle/bugwas,sgearle/bugwas
Genome-wide association studies reveal the role of polymorphisms affecting factor H binding protein expression in host invasion by Neisseria meningitidis,Sarah G Earle,https://publications.aston.ac.uk/id/eprint/43436/1/journal.ppat.1009992.pdf,14,http://github.com/jessiewu/bacterialGWAS.,github.com/jessiewu/bacterialGWAS,jessiewu/bacterialGWAS
Encephalitis patient-derived monoclonal GABAA receptor antibodies cause epileptic seizures,Jakob Kreye,https://publications.aston.ac.uk/id/eprint/43131/1/2021.01.28.428602v1.full.pdf,27,https://github.com/automatedSequencing/BASE.,github.com/automatedSequencing/BASE,automatedSequencing/BASE
Measuring the effectiveness and impact of COVID-19 health policies on firms and UNSDGs:evidence from China,Minhua Yang,https://publications.aston.ac.uk/id/eprint/43154/1/Measuring_the_effectiveness_and_impact.pdf,4,https://github.com/CSSEGISandData/COVID-19/,github.com/CSSEGISandData/COVID-,CSSEGISandData/COVID-19
"Child, parent, and family mental health and functioning in Australia during COVID-19:comparison to pre-pandemic data",E. M. Westrupp,https://publications.aston.ac.uk/id/eprint/43075/1/PRE_PRINT_Westrupp_et_al_CPAS_family_outcomes.pdf,17,https://github.com/nimh-mbdu/CRISIS.,github.com/nimh-mbdu/CRISIS,nimh-mbdu/CRISIS
Insights into Blockchain Implementation in Construction:Models for Supply Chain Management,Algan Tezel,https://publications.aston.ac.uk/id/eprint/43065/1/Insights_into_Blockchain_Implementation_in_Construction.pdf,15,https://github.com/huddersfield-uni-smart-contracts/auction.eth),github.com/huddersfield-uni-smart-contracts/auction,huddersfield-uni-smart-contracts/auction.eth
Insights into Blockchain Implementation in Construction:Models for Supply Chain Management,Algan Tezel,https://publications.aston.ac.uk/id/eprint/43065/1/Insights_into_Blockchain_Implementation_in_Construction.pdf,16,https://github.com/huddersfield-uni-smart-contracts/tokenit.eth),github.com/huddersfield-uni-smart-contracts/tokenit,huddersfield-uni-smart-contracts/tokenit.eth
Genome-wide association study reveals new insights into the heritability and genetic correlates of developmental dyslexia,Alessandro Gialluisi,https://publications.aston.ac.uk/id/eprint/42022/1/s41380_020_00898_x.pdf,9,https://github.com/bulik/ldsc,github.com/bulik/ldsc,bulik/ldsc
A Graph Neural Network to Model Disruption in Human-aware Robot Navigation,Pilar Bachiller,https://publications.aston.ac.uk/id/eprint/42778/1/Bachiller2021_Article_AGraphNeuralNetworkToModelDisr.pdf,15,https://github.com/gnns4hri/sngnnv2.,github.com/gnns4hri/sngnnv,gnns4hri/sngnnv2
A framework for integrating gesture generation models into interactive conversational agents,Rajmund Nagy,https://publications.aston.ac.uk/id/eprint/43079/1/2102.12302.pdf,1,https://github.com/mozilla/TTS,github.com/mozilla/TTS,mozilla/TTS
An efficient combined deep neural network based malware detection framework in 5G environment,Ning Lu,https://publications.aston.ac.uk/id/eprint/43891/1/cas_dc_accepted.pdf,11,https://github.com/androguard/androguard.,github.com/androguard/androguard,androguard/androguard
Online Social Endorsement and Covid-19 Vaccine Hesitancy in the United Kingdom,Andrew Chadwick,https://publications.aston.ac.uk/id/eprint/42480/1/10.1177_20563051211008817.pdf,14,https://github.com/CSSEGISandData/COVID-19,github.com/CSSEGISandData/COVID-,CSSEGISandData/COVID-19
Complex-Valued Neural Network Design for Mitigation of Signal Distortions in Optical Links,Pedro J. Freire,https://publications.aston.ac.uk/id/eprint/42159/1/09280329.pdf,9,https://github.com/pedrofreiree/Complex-NN-based-,github.com/pedrofreiree/Complex-NN-based-,pedrofreiree/Complex-NN-based-on-NLSE
Geospatial User Feedback: how to raise users’ voice and collectively build knowledge at the same time,Alaitz Zabala,https://publications.aston.ac.uk/id/eprint/42360/1/ijgi-10-00141.pdf,11,https://github.com/ec-nextgeoss/nextgeoss-integration-guide-um,github.com/ec-nextgeoss/nextgeoss-integration-guide-um,ec-nextgeoss/nextgeoss-integration-guide-um
Geospatial User Feedback: how to raise users’ voice and collectively build knowledge at the same time,Alaitz Zabala,https://publications.aston.ac.uk/id/eprint/42360/1/ijgi-10-00141.pdf,15,https://github.com/grumets/nimmbus/tree/master/GUF_integration,github.com/grumets/nimmbus,grumets/nimmbus
Geospatial User Feedback: how to raise users’ voice and collectively build knowledge at the same time,Alaitz Zabala,https://publications.aston.ac.uk/id/eprint/42360/1/ijgi-10-00141.pdf,17,https://github.com/dewitt/opensearch/blob/master/opensearch-1-1-draft-6.md,github.com/dewitt/opensearch,dewitt/opensearch
Low-NO atmospheric oxidation pathways in a polluted megacity,Mike J. Newland,https://publications.aston.ac.uk/id/eprint/42343/1/acp_21_1613_2021.pdf,8,https://github.com/geoschem/geos-chem,github.com/geoschem/geos-chem,geoschem/geos-chem
A Socially Interactive Multimodal Human-Robot Interaction Framework through Studies on Machine and Deep Learning,Jordan James Bird,https://publications.aston.ac.uk/id/eprint/43472/1/BIRD_JORDAN_JAMES_2021.pdf,172,https://github.com/jordan-bird/eeg-feature-generation/,github.com/jordan-bird/eeg-feature-generation,jordan-bird/eeg-feature-generation
A Socially Interactive Multimodal Human-Robot Interaction Framework through Studies on Machine and Deep Learning,Jordan James Bird,https://publications.aston.ac.uk/id/eprint/43472/1/BIRD_JORDAN_JAMES_2021.pdf,218,https://github.com/jordan-bird/Unity-Image-Dataset-,github.com/jordan-bird/Unity-Image-Dataset-,jordan-bird/Unity-Image-Dataset-Collector
An Efficient Industrial System for Vehicle Tyre (Tire) Detection and Text Recognition Using Deep Learning,Wajahat Kazmi,https://publications.aston.ac.uk/id/eprint/41147/1/08968735.pdf,4,https://github.com/quantombone/exemplarsvm/tree/,github.com/quantombone/exemplarsvm,quantombone/exemplarsvm
An Efficient Industrial System for Vehicle Tyre (Tire) Detection and Text Recognition Using Deep Learning,Wajahat Kazmi,https://publications.aston.ac.uk/id/eprint/41147/1/08968735.pdf,4,https://github.com/pdollar/edges,github.com/pdollar/edges,pdollar/edges
Unsupervised detection of security threats in cyberphysical system and IoT devices based on power fingerprints and RBM autoencoders,Abdurhman Albasir,https://publications.aston.ac.uk/id/eprint/42749/1/Unsupervised_detection_of_security_threats_in_cyberphysical_system_and_IoT_devices.pdf,24,https://github.com/NewEraCracker/LOIC,github.com/NewEraCracker/LOIC,NewEraCracker/LOIC
FSS-2019-nCov:A deep learning architecture for semi-supervised few-shot segmentation of COVID-19 infection,Mohamed Abdel-Basset,https://publications.aston.ac.uk/id/eprint/43897/1/21_10_2020_FSS_2019_nCOV_VC_clean.pdf,8,https://github.com/xmengli999/H-DenseUNet,github.com/xmengli999/H-DenseUNet,xmengli999/H-DenseUNet
FSS-2019-nCov:A deep learning architecture for semi-supervised few-shot segmentation of COVID-19 infection,Mohamed Abdel-Basset,https://publications.aston.ac.uk/id/eprint/43897/1/21_10_2020_FSS_2019_nCOV_VC_clean.pdf,8,https://github.com/MrGiovanni/UNetPlusPlus,github.com/MrGiovanni/UNetPlusPlus,MrGiovanni/UNetPlusPlus
FSS-2019-nCov:A deep learning architecture for semi-supervised few-shot segmentation of COVID-19 infection,Mohamed Abdel-Basset,https://publications.aston.ac.uk/id/eprint/43897/1/21_10_2020_FSS_2019_nCOV_VC_clean.pdf,8,https://github.com/alexgkendall/caffe-segnet,github.com/alexgkendall/caffe-segnet,alexgkendall/caffe-segnet
FSS-2019-nCov:A deep learning architecture for semi-supervised few-shot segmentation of COVID-19 infection,Mohamed Abdel-Basset,https://publications.aston.ac.uk/id/eprint/43897/1/21_10_2020_FSS_2019_nCOV_VC_clean.pdf,8,https://github.com/BVLC/caffe/wiki/Model-Zoo#fcn,github.com/BVLC/caffe,BVLC/caffe
FSS-2019-nCov:A deep learning architecture for semi-supervised few-shot segmentation of COVID-19 infection,Mohamed Abdel-Basset,https://publications.aston.ac.uk/id/eprint/43897/1/21_10_2020_FSS_2019_nCOV_VC_clean.pdf,8,https://github.com/tensorflow/models/tree/master/research/deeplab,github.com/tensorflow/models,tensorflow/models
FSS-2019-nCov:A deep learning architecture for semi-supervised few-shot segmentation of COVID-19 infection,Mohamed Abdel-Basset,https://publications.aston.ac.uk/id/eprint/43897/1/21_10_2020_FSS_2019_nCOV_VC_clean.pdf,8,https://github.com/abhi4ssj/few-shot-segmentation.,github.com/abhi4ssj/few-shot-segmentation,abhi4ssj/few-shot-segmentation
Evaluating Automatically Generated YARA Rules and Enhancing Their Effectiveness,Nitin Naik,https://publications.aston.ac.uk/id/eprint/42241/1/Comparison_YARA_Rules_Generation_Tools.pdf,7,https://github.com/Neo23x0/yarGen,github.com/Neo23x0/yarGen,Neo23x0/yarGen
Evaluating Automatically Generated YARA Rules and Enhancing Their Effectiveness,Nitin Naik,https://publications.aston.ac.uk/id/eprint/42241/1/Comparison_YARA_Rules_Generation_Tools.pdf,7,https://github.com/Xen0ph0n/YaraGenerator,github.com/Xen0ph0n/YaraGenerator,Xen0ph0n/YaraGenerator
Fuzzy Hashing Aided Enhanced YARA Rules for Malware Triaging,Nitin Naik,https://publications.aston.ac.uk/id/eprint/42242/1/Enhanced_YARA_Rules.pdf,7,https://github.com/Neo23x0/yarGen,github.com/Neo23x0/yarGen,Neo23x0/yarGen
Abstractive Multi-Document Summarization based on Semantic Link Network,Wei Li,https://publications.aston.ac.uk/id/eprint/39247/1/IEEE_TKDE_Li_Zhuge_2019_SLN_REF.pdf,3,https://github.com/weili-ict/EventSchemasBasedOnFrameNet,github.com/weili-ict/EventSchemasBasedOnFrameNet,weili-ict/EventSchemasBasedOnFrameNet
Abstractive Multi-Document Summarization based on Semantic Link Network,Wei Li,https://publications.aston.ac.uk/id/eprint/39247/1/IEEE_TKDE_Li_Zhuge_2019_SLN_REF.pdf,13,https://github.com/Aureliu/BIU-RPI-Event-Extraction-Project,github.com/Aureliu/BIU-RPI-Event-Extraction-Project,Aureliu/BIU-RPI-Event-Extraction-Project
Abstractive Multi-Document Summarization based on Semantic Link Network,Wei Li,https://publications.aston.ac.uk/id/eprint/39247/1/IEEE_TKDE_Li_Zhuge_2019_SLN_REF.pdf,13,https://github.com/bishanyang/EventEntityExtractor,github.com/bishanyang/EventEntityExtractor,bishanyang/EventEntityExtractor
Intra- and inter-hemispheric structural connectome in agenesis of the corpus callosum,Minghui Shi,https://publications.aston.ac.uk/id/eprint/42800/1/1_s2.0_S2213158221001534_main.pdf,3,https://github.com/danizoeller/myPLS,github.com/danizoeller/myPLS,danizoeller/myPLS
Governing Principles of Self-Sovereign Identity Applied to Blockchain Enabled Privacy Preserving Identity Management Systems,Nitin Naik,https://publications.aston.ac.uk/id/eprint/42146/1/Principles_of_SSI_DrNitinNaik.pdf,5,https://github.com/ChristopherA/self-sovereign-identity/blob/,github.com/ChristopherA/self-sovereign-identity,ChristopherA/self-sovereign-identity
uPort Open-Source Identity Management System: An Assessment of Self-Sovereign Identity and User-Centric Data Platform Built on Blockchain,Nitin Naik,https://publications.aston.ac.uk/id/eprint/42147/1/uPort_SSI_DrNitinNaik.pdf,6,https://github.com/ChristopherA/self-sovereign-identity/blob/,github.com/ChristopherA/self-sovereign-identity,ChristopherA/self-sovereign-identity
Self-reported impulsivity does not predict response caution,Craig Hedge,https://publications.aston.ac.uk/id/eprint/42686/1/Self_reported_impulsivity_does_not_predict_response_caution.pdf,6,https://github.com/jasonwgriffin/metapower.,github.com/jasonwgriffin/metapower,jasonwgriffin/metapower
Tools for modelling and simulating the Smart Grid,Ricardo M. Czekster,https://publications.aston.ac.uk/id/eprint/43412/1/2011.07968v3.pdf,2,https://github.com/ames-market/psst.,github.com/ames-market/psst,ames-market/psst
Tools for modelling and simulating the Smart Grid,Ricardo M. Czekster,https://publications.aston.ac.uk/id/eprint/43412/1/2011.07968v3.pdf,3,"https://github.com/caxqueiroz/scadasim,",github.com/caxqueiroz/scadasim,caxqueiroz/scadasim
Tools for modelling and simulating the Smart Grid,Ricardo M. Czekster,https://publications.aston.ac.uk/id/eprint/43412/1/2011.07968v3.pdf,4,https://github.com/cuihantao/andes.,github.com/cuihantao/andes,cuihantao/andes
Tools for modelling and simulating the Smart Grid,Ricardo M. Czekster,https://publications.aston.ac.uk/id/eprint/43412/1/2011.07968v3.pdf,4,https://github.com/IntegrCiTy/zerobnl.,github.com/IntegrCiTy/zerobnl,IntegrCiTy/zerobnl
Tools for modelling and simulating the Smart Grid,Ricardo M. Czekster,https://publications.aston.ac.uk/id/eprint/43412/1/2011.07968v3.pdf,5,https://github.com/taqen/asgrids/tree/appeec19.,github.com/taqen/asgrids,taqen/asgrids
Tools for modelling and simulating the Smart Grid,Ricardo M. Czekster,https://publications.aston.ac.uk/id/eprint/43412/1/2011.07968v3.pdf,5,https://github.com/pnnl/tesp/.,github.com/pnnl/tesp,pnnl/tesp
Tools for modelling and simulating the Smart Grid,Ricardo M. Czekster,https://publications.aston.ac.uk/id/eprint/43412/1/2011.07968v3.pdf,6,https://github.com/finger563/webgme-gridlabd.,github.com/finger563/webgme-gridlabd,finger563/webgme-gridlabd
A Toolkit to Generate Social Navigation Datasets,Rishabh Baghel,https://publications.aston.ac.uk/id/eprint/42115/1/2009.05345.pdf,12,https://github.com/ljmanso/sonata,github.com/ljmanso/sonata,ljmanso/sonata
Graph Neural Networks for Human-aware Social Navigation,Luis J. Manso,https://publications.aston.ac.uk/id/eprint/42116/1/1909.09003.pdf,10,https://github.com/robocomp/sngnn,github.com/robocomp/sngnn,robocomp/sngnn
Multi-camera Torso Pose Estimation using Graph Neural Networks,Daniel Rodriguez-Criado,https://publications.aston.ac.uk/id/eprint/41864/1/2007.14126.pdf,0,https://github.com/vangiel/WheresTheFellow,github.com/vangiel/WheresTheFellow,vangiel/WheresTheFellow
"COVID-19 Optimizer Algorithm, Modeling and Controlling of Coronavirus Distribution Process",Eghbal Hosseini,https://publications.aston.ac.uk/id/eprint/41768/6/JBHI_Optimisation_COVID19_AcceptedVersion.pdf,0,https://github.com/eghbal11/Eghbal/blob/master/CVA.m,github.com/eghbal11/Eghbal,eghbal11/Eghbal
MOEA/D with Random Partial Update Strategy,Yuri Lavinas,https://publications.aston.ac.uk/id/eprint/41923/1/cec_2020_manuscript.pdf,4,https://github.com/yclavinas/MOEADr/tree/cec2020,github.com/yclavinas/MOEADr,yclavinas/MOEADr
Automated Verification of Care Pathways Using Constraint Programming,Renan Pereira De Figueiredo,https://publications.aston.ac.uk/id/eprint/41292/1/09017991.pdf,3,https://github.com/CarePathwayModeler/pathwayMetamodel.git,github.com/CarePathwayModeler/pathwayMetamodel,CarePathwayModeler/pathwayMetamodel
Automated Verification of Care Pathways Using Constraint Programming,Renan Pereira De Figueiredo,https://publications.aston.ac.uk/id/eprint/41292/1/09017991.pdf,4,https://github.com/carepathways/Pathway-Veriﬁcation.git,github.com/carepathways/Pathway-Verification,carepathways/Pathway-Verification
Generic autonomic adapter architecture and policy model for semantic socio-cyber-physical collaborative network,Nazmul Hussain,https://publications.aston.ac.uk/id/eprint/42599/1/HUSSAIN_NAZMUL_129143662_2020.pdf,40,https://github.com/protegeproject/swrlapi/wiki/SWRLLanguageFAQ,github.com/protegeproject/swrlapi,protegeproject/swrlapi
Generic autonomic adapter architecture and policy model for semantic socio-cyber-physical collaborative network,Nazmul Hussain,https://publications.aston.ac.uk/id/eprint/42599/1/HUSSAIN_NAZMUL_129143662_2020.pdf,158,https://github.com/nhussain920/thesis_source_code.,github.com/nhussain920/thesis_source_code,nhussain920/thesis_source_code
Embedding Fuzzy Rules with YARA Rules for Performance Optimisation of Malware Analysis,Nitin Naik,https://publications.aston.ac.uk/id/eprint/42062/1/FUZZ_IEEE_20_Embedded_YARA_Rules.pdf,6,https://github.com/Neo23x0/yarGen,github.com/Neo23x0/yarGen,Neo23x0/yarGen
NUTMEG:Open Source Software for M/EEG Source Reconstruction,Leighton B.N. Hinkley,https://publications.aston.ac.uk/id/eprint/41900/1/fnins_14_00710.pdf,10,https://github.com/miketrumpis/xipy,github.com/miketrumpis/xipy,miketrumpis/xipy
A Self-Aware and Scalable Solution for Efficient Mobile-Cloud Hybrid Robotics,Aamir Akbar,https://publications.aston.ac.uk/id/eprint/41783/1/frobt_07_00102.pdf,9,https://github.com/jvheinerman/NEATThymio,github.com/jvheinerman/NEATThymio,jvheinerman/NEATThymio
A Self-Aware and Scalable Solution for Efficient Mobile-Cloud Hybrid Robotics,Aamir Akbar,https://publications.aston.ac.uk/id/eprint/41783/1/frobt_07_00102.pdf,9,https://github.com/aamirakbar/Creating-Hybrid-Level-Conﬁgurations-for-,github.com/aamirakbar/Creating-Hybrid-Level-Configurations-for-,aamirakbar/Creating-Hybrid-Level-Configurations-for-MC-hybrid-Apps
Grouping sentences as better language unit for extractive text summarization,Mengyun Cao,https://publications.aston.ac.uk/id/eprint/41419/1/FGCS2019_Group_for_Summarization_Online.pdf,19,https://github.com/alvations/pywsd,github.com/alvations/pywsd,alvations/pywsd
Grouping sentences as better language unit for extractive text summarization,Mengyun Cao,https://publications.aston.ac.uk/id/eprint/41419/1/FGCS2019_Group_for_Summarization_Online.pdf,37,https://github.com/Angela7126/Group_For_Summarization,github.com/Angela7126/Group_For_Summarization,Angela7126/Group_For_Summarization
Self-Sovereign Identity Specifications: Govern Your Identity Through Your Digital Wallet using Blockchain Technology,Nitin Naik,https://publications.aston.ac.uk/id/eprint/41998/1/SSI_Specifications_uPort_SovrinDrNitinNaik.pdf,4,https://github.com/ChristopherA/self-sovereign-identity/blob/,github.com/ChristopherA/self-sovereign-identity,ChristopherA/self-sovereign-identity
On the effects of pseudorandom and quantum-random number generators in soft computing,Jordan Bird,https://publications.aston.ac.uk/id/eprint/40854/1/Bird2019_Article_OnTheEffectsOfPseudorandomAndQ.pdf,8,https://github.com/keras-team/keras/tree/master/examples.,github.com/keras-team/keras,keras-team/keras
Requirements-aware models to support better informed decision-making for self-adaptation using partially observable Markov decision processes,Luis Hernan Garcia Paucar,https://publications.aston.ac.uk/id/eprint/41929/1/GARCIA_PAUCAR_LUIS_HERNAN_159211456_2019.pdf,94,https://github.com/AdaCompNUS/despot,github.com/AdaCompNUS/despot,AdaCompNUS/despot
The MOEADr Package – A Component-Based Framework for Multiobjective Evolutionary Algorithms Based on Decomposition,Felipe Campelo,https://publications.aston.ac.uk/id/eprint/38790/1/1807.06731.pdf,1,http://github.com/fcampelo/MOEADr.,github.com/fcampelo/MOEADr,fcampelo/MOEADr
Augmented YARA Rules Fused with Fuzzy Hashing in Ransomware Triaging,Nitin Naik,https://publications.aston.ac.uk/id/eprint/41999/1/SSCI_19_YARA_Rules_Fused_With_Fuzzy_Hashing_DrNaik.pdf,7,https://github.com/Neo23x0/yarGen,github.com/Neo23x0/yarGen,Neo23x0/yarGen
The TTC 2019 Live case:BibTex to docbook,Antonio García-Domínguez,https://publications.aston.ac.uk/id/eprint/42042/1/paper8.pdf,1,https://github.com/DiUS/java-faker,github.com/DiUS/java-faker,DiUS/java-faker
Parametrised second-order complexity theory with applications to the study of interval computation,Eike Neumann,https://publications.aston.ac.uk/id/eprint/39143/1/Parametrised_second_order_complexity_theory.pdf,31,"https://github.com/michalkonecny/aern2,",github.com/michalkonecny/aern,michalkonecny/aern
Breathing Rate and Work-of-Breathing Estimation using Real Biomedical Signals,Christina Kozia,https://publications.aston.ac.uk/id/eprint/44084/1/KOZIA_CHRISTINA_2020.pdf,225,https://github.com/peterhcharlton/RRest,github.com/peterhcharlton/RRest,peterhcharlton/RRest
An energy-efficient method for hybrid mobile cloud computing,Aamir Akbar,https://publications.aston.ac.uk/id/eprint/42578/1/Aamir_Akbar_119152818_2019.pdf,58,https://github.com/huberflores/CodeOffloadingAnnotations,github.com/huberflores/CodeOffloadingAnnotations,huberflores/CodeOffloadingAnnotations
An energy-efficient method for hybrid mobile cloud computing,Aamir Akbar,https://publications.aston.ac.uk/id/eprint/42578/1/Aamir_Akbar_119152818_2019.pdf,61,https://github.com/aamirakbar/Creating-Hybrid-Level-Configurations-for-MC-hybrid-Apps,github.com/aamirakbar/Creating-Hybrid-Level-Configurations-for-MC-hybrid-Apps,aamirakbar/Creating-Hybrid-Level-Configurations-for-MC-hybrid-Apps
An energy-efficient method for hybrid mobile cloud computing,Aamir Akbar,https://publications.aston.ac.uk/id/eprint/42578/1/Aamir_Akbar_119152818_2019.pdf,62,https://github.com/icasdri/Mather,github.com/icasdri/Mather,icasdri/Mather
An energy-efficient method for hybrid mobile cloud computing,Aamir Akbar,https://publications.aston.ac.uk/id/eprint/42578/1/Aamir_Akbar_119152818_2019.pdf,65,https://github.com/jvheinerman/NEATThymio,github.com/jvheinerman/NEATThymio,jvheinerman/NEATThymio
An energy-efficient method for hybrid mobile cloud computing,Aamir Akbar,https://publications.aston.ac.uk/id/eprint/42578/1/Aamir_Akbar_119152818_2019.pdf,69,https://github.com/msg555/PowerTutor,github.com/msg555/PowerTutor,msg555/PowerTutor
An energy-efficient method for hybrid mobile cloud computing,Aamir Akbar,https://publications.aston.ac.uk/id/eprint/42578/1/Aamir_Akbar_119152818_2019.pdf,72,https://github.com/dtmilano/AndroidViewClient/wiki,github.com/dtmilano/AndroidViewClient,dtmilano/AndroidViewClient
Investigation of police decision making using combined EEG and virtual reality methods,Nicholas Andrew Alexander,https://publications.aston.ac.uk/id/eprint/42445/1/ALEXANDER_NICHOLAS_ANDREW_160231177_2020.pdf,188,https://github.com/sccn/labstreaminglayer,github.com/sccn/labstreaminglayer,sccn/labstreaminglayer
Tuning metaheuristics by sequential optimisation of regression models,Áthila Trindade,https://publications.aston.ac.uk/id/eprint/40376/1/01_ASOC2019_TrindadeCampelo.pdf,10,https://github.com/fcampelo/MetaTuner).,github.com/fcampelo/MetaTuner,fcampelo/MetaTuner
Models@run.time:a Guided Tour of the State-of-the-Art and Research Challenges,Nelly Bencomo,https://publications.aston.ac.uk/id/eprint/37117/1/mrt_survey.pdf,3,https://github.com/sebastiangoetz/slr-toolkit/releases,github.com/sebastiangoetz/slr-toolkit,sebastiangoetz/slr-toolkit
Dysregulated oscillatory connectivity in the visual system in autism spectrum disorder,Robert A Seymour,https://publications.aston.ac.uk/id/eprint/39167/6/awz214.pdf,5,https://github.com/neurofractal/sensory_,github.com/neurofractal/sensory_,neurofractal/sensory_PAC
Novel instrumented frame for standing exercising of users with complete spinal cord injuries,Ioannis D Zoulias,https://publications.aston.ac.uk/id/eprint/40343/1/s41598_019_49237_3.pdf,10,https://github.com/sccn/labstreaminglayer.,github.com/sccn/labstreaminglayer,sccn/labstreaminglayer
Genome-wide association analysis of self-reported daytime sleepiness identifies 42 loci that suggest biological subtypes,Heming Wang,https://publications.aston.ac.uk/id/eprint/40176/1/Genome_wide_association_analysis_of_self_reported_daytime_sleepiness.pdf,7,https://github.com/digitalinteraction/openmovement),github.com/digitalinteraction/openmovement,digitalinteraction/openmovement
The importance of granularity in multiobjective optimization of mobile cloud hybrid applications,Aamir Akbar,https://publications.aston.ac.uk/id/eprint/37310/1/Akbar_et_al_2018_Transactions_on_Emerging_Telecommunications_Technologies.pdf,7,https://github.com/icasdri/Mather,github.com/icasdri/Mather,icasdri/Mather
The importance of granularity in multiobjective optimization of mobile cloud hybrid applications,Aamir Akbar,https://publications.aston.ac.uk/id/eprint/37310/1/Akbar_et_al_2018_Transactions_on_Emerging_Telecommunications_Technologies.pdf,8,https://github.com/huberflores/CodeOffloadingAnnotations,github.com/huberflores/CodeOffloadingAnnotations,huberflores/CodeOffloadingAnnotations
The importance of granularity in multiobjective optimization of mobile cloud hybrid applications,Aamir Akbar,https://publications.aston.ac.uk/id/eprint/37310/1/Akbar_et_al_2018_Transactions_on_Emerging_Telecommunications_Technologies.pdf,8,https://github.com/dtmilano/AndroidViewClient/wiki,github.com/dtmilano/AndroidViewClient,dtmilano/AndroidViewClient
The importance of granularity in multiobjective optimization of mobile cloud hybrid applications,Aamir Akbar,https://publications.aston.ac.uk/id/eprint/37310/1/Akbar_et_al_2018_Transactions_on_Emerging_Telecommunications_Technologies.pdf,9,https://github.com/msg555/PowerTutor,github.com/msg555/PowerTutor,msg555/PowerTutor
Assessing the reliability of the Laban Movement Analysis system,Ulysses Bernardet,https://publications.aston.ac.uk/id/eprint/39242/1/journal.pone.0218179.pdf,9,https://github.com/bernuly/LMAVideoAnnotionTool).,github.com/bernuly/LMAVideoAnnotionTool,bernuly/LMAVideoAnnotionTool
Speech Breathing in Virtual Humans: An Interactive Model and Empirical Study,Ulysses Bernardet,https://publications.aston.ac.uk/id/eprint/39126/1/08714737.pdf,7,https://github.com/alejandroautalan/pygubu.,github.com/alejandroautalan/pygubu,alejandroautalan/pygubu
Stress-testing remote model querying APIs for relational and graph-based stores,Antonio García-Domínguez,https://publications.aston.ac.uk/id/eprint/31235/1/Stress_testing_remote_model_querying_APIs_for_relational_and_graph_based_stores.pdf,1,https://github.com/mondo-project/mondo-hawk.,github.com/mondo-project/mondo-hawk,mondo-project/mondo-hawk
Stress-testing remote model querying APIs for relational and graph-based stores,Antonio García-Domínguez,https://publications.aston.ac.uk/id/eprint/31235/1/Stress_testing_remote_model_querying_APIs_for_relational_and_graph_based_stores.pdf,1,https://github.com/atlanmod/Mogwai.,github.com/atlanmod/Mogwai,atlanmod/Mogwai
Stress-testing remote model querying APIs for relational and graph-based stores,Antonio García-Domínguez,https://publications.aston.ac.uk/id/eprint/31235/1/Stress_testing_remote_model_querying_APIs_for_relational_and_graph_based_stores.pdf,1,https://github.com/atlanmod/NeoEMF.,github.com/atlanmod/NeoEMF,atlanmod/NeoEMF
Stress-testing remote model querying APIs for relational and graph-based stores,Antonio García-Domínguez,https://publications.aston.ac.uk/id/eprint/31235/1/Stress_testing_remote_model_querying_APIs_for_relational_and_graph_based_stores.pdf,2,https://github.com/BryanHunt/mongo-emf/wiki.,github.com/BryanHunt/mongo-emf,BryanHunt/mongo-emf
Stress-testing remote model querying APIs for relational and graph-based stores,Antonio García-Domínguez,https://publications.aston.ac.uk/id/eprint/31235/1/Stress_testing_remote_model_querying_APIs_for_relational_and_graph_based_stores.pdf,20,https://github.com/orientechnologies/orientdb/issues/6686.,github.com/orientechnologies/orientdb,orientechnologies/orientdb
Rhetorical moves and identity performance in online child sexual abuse interactions,Emily Chiang,https://publications.aston.ac.uk/id/eprint/39062/1/Chiang_E._2018_Redacted.pdf,109,https://github.com/emilychiang/move-map-builder).,github.com/emilychiang/move-map-builder,emilychiang/move-map-builder
Evolutionary mutation testing for IoT with recorded and generated events,Lorena Gutiérrez-madroñal,https://publications.aston.ac.uk/id/eprint/37209/1/wileyNJD_Doc.pdf,13,https://github.com/fg-netzwerksicherheit/DENMEvaP,github.com/fg-netzwerksicherheit/DENMEvaP,fg-netzwerksicherheit/DENMEvaP
Joint event extraction based on hierarchical event schemas from framenet,Wei Li,https://publications.aston.ac.uk/id/eprint/38848/1/08643786.pdf,2,https://github.com/weili-ict/EventSchemasBasedOnFrameNet,github.com/weili-ict/EventSchemasBasedOnFrameNet,weili-ict/EventSchemasBasedOnFrameNet
Joint event extraction based on hierarchical event schemas from framenet,Wei Li,https://publications.aston.ac.uk/id/eprint/38848/1/08643786.pdf,9,https://github.com/Aureliu/BIU-RPI-Event-Extraction-Project,github.com/Aureliu/BIU-RPI-Event-Extraction-Project,Aureliu/BIU-RPI-Event-Extraction-Project
Joint event extraction based on hierarchical event schemas from framenet,Wei Li,https://publications.aston.ac.uk/id/eprint/38848/1/08643786.pdf,9,https://github.com/bishanyang/EventEntityExtractor,github.com/bishanyang/EventEntityExtractor,bishanyang/EventEntityExtractor
Universal envelopes of discontinuous functions,Eike Neumann,https://publications.aston.ac.uk/id/eprint/39139/1/Neumann_E._2018.pdf,124,https://github.com/michalkonecny/aern2.,github.com/michalkonecny/aern,michalkonecny/aern
Universal envelopes of discontinuous functions,Eike Neumann,https://publications.aston.ac.uk/id/eprint/39139/1/Neumann_E._2018.pdf,124,https://github.com/norbert-mueller/iRRAM.,github.com/norbert-mueller/iRRAM,norbert-mueller/iRRAM
Hawk solutions to the TTC 2018 Social Media Case,Antonio García-Domínguez,https://publications.aston.ac.uk/id/eprint/38103/1/paper7.pdf,3,"https://github.com/mondo-project/mondo-hawk,",github.com/mondo-project/mondo-hawk,mondo-project/mondo-hawk
Pseudonymization risk analysis in distributed systems,Geoffrey Neumann,https://publications.aston.ac.uk/id/eprint/39241/1/s13174_018_0098_z.pdf,14,https://github.com/OPERANDOH2020/op-privacy-,github.com/OPERANDOH2020/op-privacy-,OPERANDOH2020/op-privacy-modelling
Pseudonymization risk analysis in distributed systems,Geoffrey Neumann,https://publications.aston.ac.uk/id/eprint/39241/1/s13174_018_0098_z.pdf,14,https://github.com/OPERANDOH2020/op-privacy-modelling.,github.com/OPERANDOH2020/op-privacy-modelling,OPERANDOH2020/op-privacy-modelling
The Bari Manifesto:An interoperability framework for essential biodiversity variables,Alex R. Hardisty,https://publications.aston.ac.uk/id/eprint/40347/1/1_s2.0_S1574954118301961_main.pdf,9,https://github.com/tdwg/bdq,github.com/tdwg/bdq,tdwg/bdq
Reflecting on the past and the present with temporal graph-based models,Antonio García-Domínguez,https://publications.aston.ac.uk/id/eprint/38901/1/mrt_paper_1.pdf,2,https://github.com/datathings/greycat,github.com/datathings/greycat,datathings/greycat-doc
Reflecting on the past and the present with temporal graph-based models,Antonio García-Domínguez,https://publications.aston.ac.uk/id/eprint/38901/1/mrt_paper_1.pdf,5,https://github.com/mondo-project/mondo-hawk,github.com/mondo-project/mondo-hawk,mondo-project/mondo-hawk
Distinct neural mechanisms and temporal constraints govern a cascade of audiotactile interactions,Johanna M Zumer,https://publications.aston.ac.uk/id/eprint/39136/1/446112.full.pdf,20,https://github.com/johanna-zumer/audtac/blob/master/simulate_70results.m).,github.com/johanna-zumer/audtac,johanna-zumer/audtac
Implicit emotion detection in text,Udochukwu Orizu,https://publications.aston.ac.uk/id/eprint/37693/1/Orizu_O._2018.pdf,63,https://github.com/stanfordnlp/CoreNLP/blob/master/data/edu/stanford/nlp/patterns/surface/stopwords.txt,github.com/stanfordnlp/CoreNLP,stanfordnlp/CoreNLP
Implicit emotion detection in text,Udochukwu Orizu,https://publications.aston.ac.uk/id/eprint/37693/1/Orizu_O._2018.pdf,88,https://github.com/mfaruqui/retroﬁtting,github.com/mfaruqui/retrofitting,mfaruqui/retrofitting
Enhancing the interactivity of a clinical decision support system by using knowledge engineering and natural language processing,Mohammed Ashrafull Islam,https://publications.aston.ac.uk/id/eprint/37540/1/Islam_M._2018.pdf,102,https://github.com/csurfer/rake-,github.com/csurfer/rake-,csurfer/rake-nltk
Enhancing the interactivity of a clinical decision support system by using knowledge engineering and natural language processing,Mohammed Ashrafull Islam,https://publications.aston.ac.uk/id/eprint/37540/1/Islam_M._2018.pdf,105,https://github.com/Linguistic/rake).,github.com/Linguistic/rake,Linguistic/rake
Enhancing the interactivity of a clinical decision support system by using knowledge engineering and natural language processing,Mohammed Ashrafull Islam,https://publications.aston.ac.uk/id/eprint/37540/1/Islam_M._2018.pdf,114,https://github.com/Simmetrics/simmetrics).,github.com/Simmetrics/simmetrics,Simmetrics/simmetrics
Enhancing the interactivity of a clinical decision support system by using knowledge engineering and natural language processing,Mohammed Ashrafull Islam,https://publications.aston.ac.uk/id/eprint/37540/1/Islam_M._2018.pdf,122,https://github.com/klb3713/sentence2vec).,github.com/klb3713/sentence,klb3713/sentence2vec
Experimentation as a service over semantically interoperable Internet of Things testbeds,Jorge Lanza,https://publications.aston.ac.uk/id/eprint/39235/1/08466763.pdf,12,https://github.com/ﬁesta-iot/testbed.tpi,github.com/fiesta-iot/testbed,fiesta-iot/testbed.tpi
Experimentation as a service over semantically interoperable Internet of Things testbeds,Jorge Lanza,https://publications.aston.ac.uk/id/eprint/39235/1/08466763.pdf,17,https://github.com/OpenIotOrg/openiot).,github.com/OpenIotOrg/openiot,OpenIotOrg/openiot
Oscillatory networks of high-level mental alignment::A perspective-taking MEG study,Robert Seymour,https://publications.aston.ac.uk/id/eprint/33434/1/1_s2.0_S1053811918304142_main.pdf,15,https://github.com/neurofractal/perspective_taking_oscillatory_networks,github.com/neurofractal/perspective_taking_oscillatory_networks,neurofractal/perspective_taking_oscillatory_networks
EPINETLAB:a software for seizure-onset zone identification from intracranial EEG signal in epilepsy,Lucia Rita Quitadamo,https://publications.aston.ac.uk/id/eprint/33633/1/fninf_12_00045.pdf,1,https://github.com/quitadal/EPINETLAB.,github.com/quitadal/EPINETLAB,quitadal/EPINETLAB
The contribution of cause-effect link to representing the core of scientific paper—The role of Semantic Link Network,Mengyun Cao,https://publications.aston.ac.uk/id/eprint/33640/1/journal.pone.0199303.pdf,13,https://github.com/Angela7126/CEsummary_Extend4PLoSOne.,github.com/Angela7126/CEsummary_Extend,Angela7126/CEsummary_Extend4PLoSOne
Topical Phrase Extraction from Clinical Reports by Incorporating both Local and Global Context,Gabriele Pergola,https://publications.aston.ac.uk/id/eprint/32738/1/W3PHIAI_2018_paper_36.pdf,5,https://github.com/facebookresearch/fastText,github.com/facebookresearch/fastText,facebookresearch/fastText
Topical Phrase Extraction from Clinical Reports by Incorporating both Local and Global Context,Gabriele Pergola,https://publications.aston.ac.uk/id/eprint/32738/1/W3PHIAI_2018_paper_36.pdf,5,https://github.com/fozziethebeat/S-Space,github.com/fozziethebeat/S-Space,fozziethebeat/S-Space
Topical Phrase Extraction from Clinical Reports by Incorporating both Local and Global Context,Gabriele Pergola,https://publications.aston.ac.uk/id/eprint/32738/1/W3PHIAI_2018_paper_36.pdf,5,https://github.com/askerlee/topicvec,github.com/askerlee/topicvec,askerlee/topicvec
Topical Phrase Extraction from Clinical Reports by Incorporating both Local and Global Context,Gabriele Pergola,https://publications.aston.ac.uk/id/eprint/32738/1/W3PHIAI_2018_paper_36.pdf,5,https://github.com/dice-group/Palmetto,github.com/dice-group/Palmetto,dice-group/Palmetto
Automated individual-level parcellation of Broca's region based on functional connectivity,Estrid Jakobsen,https://publications.aston.ac.uk/id/eprint/32194/1/1_s2.0_S1053811916305468_main.pdf,1,https://github.com/NeuroanatomyAndConnectivity/broca/tree/master/,github.com/NeuroanatomyAndConnectivity/broca,NeuroanatomyAndConnectivity/broca
Automated individual-level parcellation of Broca's region based on functional connectivity,Estrid Jakobsen,https://publications.aston.ac.uk/id/eprint/32194/1/1_s2.0_S1053811916305468_main.pdf,1,https://github.com/NeuroanatomyAndConnectivity/nki_nilearn.,github.com/NeuroanatomyAndConnectivity/nki_nilearn,NeuroanatomyAndConnectivity/nki_nilearn
FCLAB:An EEGLAB module for performing functional connectivity analysis on single-subject EEG data,Vasileios C Pezoulas,https://publications.aston.ac.uk/id/eprint/33350/1/FCLAB_An_EEGLAB_module_for_performing_functional_connectivity_analysis_on_single_subject_EEG_data.pdf,3,"https://github.com/ramsys28/FCLAB),",github.com/ramsys28/FCLAB,ramsys28/FCLAB
Automatically Learning Topics and Difficulty Levels of Problems in Online Judge Systems,Wayne Xin Zhao,https://publications.aston.ac.uk/id/eprint/31880/11/finalVersion.pdf,23,https://github.com/csinpi/blade_chest.,github.com/csinpi/blade_chest,csinpi/blade_chest
Improving virtual screening of G protein-coupled receptors via ligand-directed modeling,Thomas Coudrat,https://publications.aston.ac.uk/id/eprint/32018/1/Improving_virtual_screening_of_G_protein.pdf,6,https://github.com/thomas-coudrat/toolbx_pdb),github.com/thomas-coudrat/toolbx_pdb,thomas-coudrat/toolbx_pdb
Improving virtual screening of G protein-coupled receptors via ligand-directed modeling,Thomas Coudrat,https://publications.aston.ac.uk/id/eprint/32018/1/Improving_virtual_screening_of_G_protein.pdf,7,https://github.com/thomas-coudrat/toolbx_vs),github.com/thomas-coudrat/toolbx_vs,thomas-coudrat/toolbx_vs
Science for the Africa-EU Partnership:Building knowledge for sustainable development,Lucy Bastin,https://publications.aston.ac.uk/id/eprint/43351/1/Science_for_the_Africa_EU_partnership_2017.pdf,180,https://github.com/happyonlife/hol,github.com/happyonlife/hol,happyonlife/hol
PROCESSING CONSERVATION INDICATORS WITH OPEN SOURCE TOOLS: LESSONS LEARNED FROM THE DIGITAL OBSERVATORY FOR PROTECTED AREAS,Lucy Bastin,https://publications.aston.ac.uk/id/eprint/39612/1/Processing_Conservation_Indicators_with_Open_Source_Tools_Lesson.pdf,4,https://github.com/doctorluz/py-utils/blob/master/PostGISTableToAvr,github.com/doctorluz/py-utils,doctorluz/py-utils
PROCESSING CONSERVATION INDICATORS WITH OPEN SOURCE TOOLS: LESSONS LEARNED FROM THE DIGITAL OBSERVATORY FOR PROTECTED AREAS,Lucy Bastin,https://publications.aston.ac.uk/id/eprint/39612/1/Processing_Conservation_Indicators_with_Open_Source_Tools_Lesson.pdf,6,https://github.com/Esri/spatial-framework-for-,github.com/Esri/spatial-framework-for-,Esri/spatial-framework-for-hadoop
PROCESSING CONSERVATION INDICATORS WITH OPEN SOURCE TOOLS: LESSONS LEARNED FROM THE DIGITAL OBSERVATORY FOR PROTECTED AREAS,Lucy Bastin,https://publications.aston.ac.uk/id/eprint/39612/1/Processing_Conservation_Indicators_with_Open_Source_Tools_Lesson.pdf,11,https://github.com/lfrancke/jrc/blob/master/src/main/java/jrc/C,github.com/lfrancke/jrc,lfrancke/jrc
Detecting perspectives in political debates,David Vilares Calvo,https://publications.aston.ac.uk/id/eprint/31523/1/detectingPerspectivesInPoliticalDebates.pdf,4,https://github.com/aghie/lam/blob/,github.com/aghie/lam,aghie/lam
Detecting perspectives in political debates,David Vilares Calvo,https://publications.aston.ac.uk/id/eprint/31523/1/detectingPerspectivesInPoliticalDebates.pdf,4,https://github.com/AKSW/Palmetto/,github.com/AKSW/Palmetto,AKSW/Palmetto
Unsupervised event exploration from social text streams,Deyu Zhou,https://publications.aston.ac.uk/id/eprint/31544/1/Unsupervised_event_exploration_from_social.pdf,6,http://github.com/aritter/twitter-nlp),github.com/aritter/twitter-nlp,aritter/twitter_nlp
An assembly gap control method based on posture alignment of wing panels in aircraft assembly,Qing Wang,https://publications.aston.ac.uk/id/eprint/30474/1/Assembly_gap_control_method_based_on_posture_alignment_of_wing_panels_in_aircraft_assembly.pdf,10,https://github.com/ataiya/kdtree).,github.com/ataiya/kdtree,ataiya/kdtree
Towards the optimization of power and bandwidth consumption in mobile-cloud hybrid applications,Peter Lewis,https://publications.aston.ac.uk/id/eprint/30338/1/RC_MCSMS1.pdf,2,https://github.com/jcarolus/android-chess,github.com/jcarolus/android-chess,jcarolus/android-chess
Towards the optimization of power and bandwidth consumption in mobile-cloud hybrid applications,Peter Lewis,https://publications.aston.ac.uk/id/eprint/30338/1/RC_MCSMS1.pdf,2,https://github.com/dtmilano/AndroidViewClient/wiki,github.com/dtmilano/AndroidViewClient,dtmilano/AndroidViewClient
Towards the optimization of power and bandwidth consumption in mobile-cloud hybrid applications,Peter Lewis,https://publications.aston.ac.uk/id/eprint/30338/1/RC_MCSMS1.pdf,3,https://github.com/msg555/PowerTutor,github.com/msg555/PowerTutor,msg555/PowerTutor
Cost-effective online trending topic detection and popularity prediction in microblogging,Zhongchen Miao,https://publications.aston.ac.uk/id/eprint/29743/1/Cost_effective_online_trending_topic_detection_and_popularity_prediction_in_microblogging.pdf,3,https://github.com/zcmiao/Topic,github.com/zcmiao/Topic,zcmiao/Topic
Eugenia:towards disciplined and automated development of GMF-based graphical model editors,Dimitrios S. Kolovos,https://publications.aston.ac.uk/id/eprint/29896/1/GMF_based_graphical_model_editors.pdf,20,http://github.com/chelder86/ArcadeTongame,github.com/chelder86/ArcadeTongame,chelder86/ArcadeTongame
Assessment of class mutation operators for C++ with the MuCPP mutation system,Pedro Delgado-Pérez,https://publications.aston.ac.uk/id/eprint/29728/1/Class_mutation_operators_for_C_with_the_MuCPP_mutation_system.pdf,7,http://github.com/leethomason/tinyxml2,github.com/leethomason/tinyxml,leethomason/tinyxml2
Adverse drug reaction classification with deep neural networks,Trung Huynh,https://publications.aston.ac.uk/id/eprint/29682/1/367_paper.pdf,2,https://github.com/trunghlt/AdverseDrugReaction,github.com/trunghlt/AdverseDrugReaction,trunghlt/AdverseDrugReaction
Flooded streets — A crowdsourced sensing system for disaster response: A case study,Nitin Naik,https://publications.aston.ac.uk/id/eprint/41880/1/Flooded_Streets_Crowdsourced_Sensing_System_DrNaik.pdf,2,https://github.com/osm-in/ﬂood-map,github.com/osm-in/flood-map,osm-in/flood-map
Disease named entity recognition by combining conditional random fields and bidirectional recurrent neural networks,Qikang Wei,https://publications.aston.ac.uk/id/eprint/30423/1/Disease_named_entity_recognition.pdf,4,https://github.com/oir/deep-recurrent).,github.com/oir/deep-recurrent,oir/deep-recurrent
Simulink toolbox for real-time virtual character control,Ulysses Bernardet,https://publications.aston.ac.uk/id/eprint/40245/1/iva2016a.pdf,0,https://github.com/bernuly/VCSimulinkTlbx.,github.com/bernuly/VCSimulinkTlbx,bernuly/VCSimulinkTlbx
Partial loading of XMI models,Ran Wei,https://publications.aston.ac.uk/id/eprint/30611/1/Partial_loading_of_XMI_models.pdf,6,https://github.com/wrwei/SmartSAX,github.com/wrwei/SmartSAX,wrwei/SmartSAX
Partial loading of XMI models,Ran Wei,https://publications.aston.ac.uk/id/eprint/30611/1/Partial_loading_of_XMI_models.pdf,7,http://github.com/BryanHunt/mongo-emf/wiki,github.com/BryanHunt/mongo-emf,BryanHunt/mongo-emf
A Thalamocortical Neural Mass Model of the EEG during NREM Sleep and Its Response to Auditory Stimulation,Michael Schellenberger Costa,https://publications.aston.ac.uk/id/eprint/33455/1/journal.pcbi.1005022.PDF,18,https://github.com/miscco/NM_Thalamus.,github.com/miscco/NM_Thalamus,miscco/NM_Thalamus
A Thalamocortical Neural Mass Model of the EEG during NREM Sleep and Its Response to Auditory Stimulation,Michael Schellenberger Costa,https://publications.aston.ac.uk/id/eprint/33455/1/journal.pcbi.1005022.PDF,18,https://github.com/miscco/NM_TC.,github.com/miscco/NM_TC,miscco/NM_TC
Stress-testing centralised model stores,Antonio García-Domínguez,https://publications.aston.ac.uk/id/eprint/29712/1/Stress_testing_centralised_model_stores.pdf,1,https://github.com/BryanHunt/mongo-emf/wiki,github.com/BryanHunt/mongo-emf,BryanHunt/mongo-emf
Enclosing the behavior of a hybrid automaton up to and beyond a Zeno point,Michal Konečný,https://publications.aston.ac.uk/id/eprint/27364/1/Hybrid_automaton_up_to_and_beyond_a_Zeno_point.pdf,19,https://github.com/michalkonecny/aern/tree/nahs2015-plots.,github.com/michalkonecny/aern,michalkonecny/aern
Model-driven interoperability: engineering heterogeneous IoT systems,Paul Grace,https://publications.aston.ac.uk/id/eprint/39208/1/Grace2016_Article_Model_drivenInteroperabilityEn.pdf,5,https://github.com/pjgrace/connect-iot,github.com/pjgrace/connect-iot,pjgrace/connect-iot
Mining product adopter information from online reviews for improving product recommendation,Wayne Xin Zhao,https://publications.aston.ac.uk/id/eprint/28224/1/Mining_product_adopter_information_from_online_reviews_for_improving_product_recommendation.pdf,2,https://github.com/fxsjy/jieba,github.com/fxsjy/jieba,fxsjy/jieba
A gloss composition and context clustering based distributed word sense representation model,Tao Chen,https://publications.aston.ac.uk/id/eprint/27102/1/Gloss_composition_and_context_clustering_based_distributed_word_sense_representation_model.pdf,4,https://github.com/yoonkim/CNN_sentence),github.com/yoonkim/CNN_sentence,yoonkim/CNN_sentence
"Static, dynamic, and adaptive heterogeneity in distributed smart camera networks",Peter R. Lewis,https://publications.aston.ac.uk/id/eprint/26266/1/heterogeneous_smart_cameras.pdf,7,https://github.com/EPiCS/CamSim.,github.com/EPiCS/CamSim,EPiCS/CamSim
Class mutation operators for C++ object-oriented systems,Pedro Delgado-Pérez,https://publications.aston.ac.uk/id/eprint/29894/1/Class_mutation_operators_for_C_object_oriented_systems.pdf,7,https://github.com/leethomason/tinyxml2,github.com/leethomason/tinyxml,leethomason/tinyxml2
The uncertainty of identity toolset:analysing digital traces for user profiling,Muhammad Adnan,https://publications.aston.ac.uk/id/eprint/26713/1/Analysing_digital_traces_for_user_profiling.pdf,1,https://github.com/kennethreitz/grequests,github.com/kennethreitz/grequests,kennethreitz/grequests
Uncertainty analysis in the Model Web,Richard Jones,https://publications.aston.ac.uk/id/eprint/21397/1/Studentthesis-2014.pdf,18,https://github.com/itszootime/ps-framework,github.com/itszootime/ps-framework,itszootime/ps-framework
Uncertainty analysis in the Model Web,Richard Jones,https://publications.aston.ac.uk/id/eprint/21397/1/Studentthesis-2014.pdf,18,https://github.com/itszootime/ps-emulatorized,github.com/itszootime/ps-emulatorized,itszootime/ps-emulatorized
Uncertainty analysis in the Model Web,Richard Jones,https://publications.aston.ac.uk/id/eprint/21397/1/Studentthesis-2014.pdf,19,https://github.com/itszootime/emulatorization-web,github.com/itszootime/emulatorization-web,itszootime/emulatorization-web
Uncertainty analysis in the Model Web,Richard Jones,https://publications.aston.ac.uk/id/eprint/21397/1/Studentthesis-2014.pdf,19,https://github.com/itszootime/emulatorization-api,github.com/itszootime/emulatorization-api,itszootime/emulatorization-api
Uncertainty analysis in the Model Web,Richard Jones,https://publications.aston.ac.uk/id/eprint/21397/1/Studentthesis-2014.pdf,19,https://github.com/itszootime/matlab-connector,github.com/itszootime/matlab-connector,itszootime/matlab-connector
Uncertainty analysis in the Model Web,Richard Jones,https://publications.aston.ac.uk/id/eprint/21397/1/Studentthesis-2014.pdf,19,https://github.com/itszootime/landsfacts-interface,github.com/itszootime/landsfacts-interface,itszootime/landsfacts-interface
Uncertainty analysis in the Model Web,Richard Jones,https://publications.aston.ac.uk/id/eprint/21397/1/Studentthesis-2014.pdf,19,https://github.com/itszootime/aquacrop-interface,github.com/itszootime/aquacrop-interface,itszootime/aquacrop-interface
Uncertainty analysis in the Model Web,Richard Jones,https://publications.aston.ac.uk/id/eprint/21397/1/Studentthesis-2014.pdf,83,https://github.com/rubyjedi/soap4r,github.com/rubyjedi/soap,rubyjedi/soap4r
Uncertainty analysis in the Model Web,Richard Jones,https://publications.aston.ac.uk/id/eprint/21397/1/Studentthesis-2014.pdf,119,https://github.com/collectiveidea/delayed_job,github.com/collectiveidea/delayed_job,collectiveidea/delayed_job
GEO Label Web Services for Dynamic and Effective Communication of Geospatial Metadata Quality,Lucy Bastin,https://publications.aston.ac.uk/id/eprint/37600/1/EGU2014_14453.pdf,0,https://github.com/lushv/geolabel-,github.com/lushv/geolabel-,lushv/geolabel-service
GEO Label Web Services for Dynamic and Effective Communication of Geospatial Metadata Quality,Lucy Bastin,https://publications.aston.ac.uk/id/eprint/37600/1/EGU2014_14453.pdf,0,https://github.com/52North/GEO-label-java.,github.com/52North/GEO-label-java,52North/GEO-label-java
CamSim:a distributed smart camera network simulator,Lukas Esterle,https://publications.aston.ac.uk/id/eprint/24913/1/saso_demo.pdf,0,https://github.com/EPiCS/CamSim,github.com/EPiCS/CamSim,EPiCS/CamSim
Brain extraction using the watershed transform from markers,Richard Beare,https://publications.aston.ac.uk/id/eprint/29876/1/Brain_extraction_using_the_watershed_transform_from_markers.pdf,13,https://github.com/richardbeare/parabolicMorphology.git,github.com/richardbeare/parabolicMorphology,richardbeare/parabolicMorphology
Brain extraction using the watershed transform from markers,Richard Beare,https://publications.aston.ac.uk/id/eprint/29876/1/Brain_extraction_using_the_watershed_transform_from_markers.pdf,13,http://github.com/richardbeare/mbwss,github.com/richardbeare/mbwss,richardbeare/mbwss
Learning to be different:heterogeneity and efficiency in distributed smart camera networks,Peter R. Lewis,https://publications.aston.ac.uk/id/eprint/24914/1/lewis_et_al_saso_2013_camera_ready.pdf,2,https://github.com/EPiCS/CamSim.,github.com/EPiCS/CamSim,EPiCS/CamSim
MasakhaNEWS:News Topic Classification for African languages,David Ifeoluwa Adelani,https://publications.aston.ac.uk/id/eprint/45027/1/2304.09972v1.pdf,1,https://github.com/masakhane-io/masakhane-news,github.com/masakhane-io/masakhane-news,masakhane-io/masakhane-news
Direct assessment of overnight parent-child proximity in children with behavioral insomnia:Extending models of operant and classical conditioning,Georgie Agar,https://publications.aston.ac.uk/id/eprint/44137/1/15402002.2022.pdf,6,https://github.com/meriac/openbeacon-ng),github.com/meriac/openbeacon-ng,meriac/openbeacon-ng
Data Quality in Citizen Science,Bálint Balázs,https://publications.aston.ac.uk/id/eprint/44050/1/2021_Book_TheScienceOfCitizenScience.pdf,167,https://github.com/NCEAS/oboe,github.com/NCEAS/oboe,NCEAS/oboe
Data Quality in Citizen Science,Bálint Balázs,https://publications.aston.ac.uk/id/eprint/44050/1/2021_Book_TheScienceOfCitizenScience.pdf,179,https://github.com/ec-jrc/citsci-explorer/,github.com/ec-jrc/citsci-explorer,ec-jrc/citsci-explorer
Promoting Social Behaviour in Reducing Peak Electricity Consumption Using Multi-Agent Systems,Nathan A. Brooks,https://publications.aston.ac.uk/id/eprint/44815/1/2211.10198v1.pdf,10,https://github.com/NathanABrooks/ResourceExchangeArena,github.com/NathanABrooks/ResourceExchangeArena,NathanABrooks/ResourceExchangeArena
Virtual Screening of Kinase Based Drugs: Statistical LearningTowards Drug Repositioning,Monsuru Taiye Mustapha,https://publications.aston.ac.uk/id/eprint/44510/1/JNDT_V8A3_Chattopadhyay.pdf,3,https://github.com/akchaste/PyScale/tree/master).,github.com/akchaste/PyScale,akchaste/PyScale
DeepAoANet: Learning Angle of Arrival From Software Defined Radios With Deep Neural Networks,Zhuangzhuang Dai,https://publications.aston.ac.uk/id/eprint/44352/1/Dai_et_al_2022_DeepAoANet_Learning_angle.pdf,1,https://github.com/zdai257/DeepAoANet,github.com/zdai257/DeepAoANet,zdai257/DeepAoANet
DeepAoANet: Learning Angle of Arrival From Software Defined Radios With Deep Neural Networks,Zhuangzhuang Dai,https://publications.aston.ac.uk/id/eprint/44352/1/Dai_et_al_2022_DeepAoANet_Learning_angle.pdf,11,https://github.com/fchollet/keras,github.com/fchollet/keras,fchollet/keras
Reducing Computational Complexity of Neural Networks in Optical Channel Equalization: From Concepts to Implementation,Pedro J. Freire,https://publications.aston.ac.uk/id/eprint/44582/1/Freireetal_2023_VoR.pdf,24,https://github.com/tensorflow/model-optimization/blob/,github.com/tensorflow/model-optimization,tensorflow/model-optimization
Revisiting boundary layer flows of viscoelastic fluids,Paul Griffiths,https://publications.aston.ac.uk/id/eprint/44555/1/1_s2.0_S0377025722001951_main.pdf,11,https://github.com/L-Escott/OB_Spectral_Code.,github.com/L-Escott/OB_Spectral_Code,L-Escott/OB_Spectral_Code
Sentiment Intensity Prediction using Neural Word Embeddings,Amal Htait,https://publications.aston.ac.uk/id/eprint/44509/1/Htait_Azzopardi_ICTIR_2021_Sentiment_intensity_prediction_using_neural_word_embeddings.pdf,3,https://github.com/cumulative-revelations/awessome,github.com/cumulative-revelations/awessome,cumulative-revelations/awessome
Bilbo-Val: Automatic Identification of Bibliographical Zone in Papers,Amal Htait,https://publications.aston.ac.uk/id/eprint/44504/1/Htailetal_2016_VoR.pdf,3,https://github.com/OpenEdition/bilbo,github.com/OpenEdition/bilbo,OpenEdition/bilbo
The NMT Scalp EEG Dataset: An Open-Source Annotated Dataset of Healthy and Pathological EEG Recordings for Predictive Modeling,Hassan Aqeel Khan,https://publications.aston.ac.uk/id/eprint/44425/1/fnins_15_755817.pdf,9,https://github.com/kunalpatel1793/Neural-Nets-Final-Project,github.com/kunalpatel1793/Neural-Nets-Final-Project,kunalpatel1793/Neural-Nets-Final-Project
Computable analysis for verified exact real computation,Michal Konečný,https://publications.aston.ac.uk/id/eprint/43946/1/LIPIcs_FSTTCS_2020_50.pdf,0,https://github.com/FlorianSteinberg/incone,github.com/FlorianSteinberg/incone,FlorianSteinberg/incone
Statute recommendation: Re-ranking statutes by modeling case-statute relation with interpretable hand-crafted features,Chuanyi Li,https://publications.aston.ac.uk/id/eprint/44100/1/ChuanyiLietal2022_VoR.pdf,1,"https://github.com/google-research/bert,",github.com/google-research/bert,google-research/bert
Statute recommendation: Re-ranking statutes by modeling case-statute relation with interpretable hand-crafted features,Chuanyi Li,https://publications.aston.ac.uk/id/eprint/44100/1/ChuanyiLietal2022_VoR.pdf,1,"https://github.com/thunlp/OpenCLaP,",github.com/thunlp/OpenCLaP,thunlp/OpenCLaP
Statute recommendation: Re-ranking statutes by modeling case-statute relation with interpretable hand-crafted features,Chuanyi Li,https://publications.aston.ac.uk/id/eprint/44100/1/ChuanyiLietal2022_VoR.pdf,2,https://github.com/thunlp/LegalPLMs,github.com/thunlp/LegalPLMs,thunlp/LegalPLMs
Statute recommendation: Re-ranking statutes by modeling case-statute relation with interpretable hand-crafted features,Chuanyi Li,https://publications.aston.ac.uk/id/eprint/44100/1/ChuanyiLietal2022_VoR.pdf,16,https://github.com/thunlp/openclap.,github.com/thunlp/openclap,thunlp/openclap
On Smart Gaze Based Annotation of Histopathology Images for Training of Deep Convolutional Neural Networks,Komal Mariam,https://publications.aston.ac.uk/id/eprint/44428/1/GazeTracking_Arxiv.pdf,1,https://github.com/SigmaLabResearch/Gaze-Enabled-Histopathology,github.com/SigmaLabResearch/Gaze-Enabled-Histopathology,SigmaLabResearch/Gaze-Enabled-Histopathology
On Smart Gaze Based Annotation of Histopathology Images for Training of Deep Convolutional Neural Networks,Komal Mariam,https://publications.aston.ac.uk/id/eprint/44428/1/GazeTracking_Arxiv.pdf,1,https://github.com/SigmaLabResearch/Visnotate.,github.com/SigmaLabResearch/Visnotate,SigmaLabResearch/Visnotate
On Smart Gaze Based Annotation of Histopathology Images for Training of Deep Convolutional Neural Networks,Komal Mariam,https://publications.aston.ac.uk/id/eprint/44428/1/GazeTracking_Arxiv.pdf,10,https://github.com/ultralytics/yolov5,github.com/ultralytics/yolov,ultralytics/yolov3
BERT-Based Transformers for Early Detection of Mental Health Illnesses,Rodrigo Martínez-Castaño,https://publications.aston.ac.uk/id/eprint/44507/1/Martinez_Castano_et_al_BERT_Based_Transformers_for_Early_Detection_of_Mental_Health_Illnesses_978_3_030_85251_1_15.pdf,0,https://github.com/brunneis/ilab-erisk-2020/.,github.com/brunneis/ilab-erisk-,brunneis/ilab-erisk-2020
BERT-Based Transformers for Early Detection of Mental Health Illnesses,Rodrigo Martínez-Castaño,https://publications.aston.ac.uk/id/eprint/44507/1/Martinez_Castano_et_al_BERT_Based_Transformers_for_Early_Detection_of_Mental_Health_Illnesses_978_3_030_85251_1_15.pdf,3,https://github.com/labteral/ernie/.,github.com/labteral/ernie,labteral/ernie
BERT-Based Transformers for Early Detection of Mental Health Illnesses,Rodrigo Martínez-Castaño,https://publications.aston.ac.uk/id/eprint/44507/1/Martinez_Castano_et_al_BERT_Based_Transformers_for_Early_Detection_of_Mental_Health_Illnesses_978_3_030_85251_1_15.pdf,3,https://github.com/huggingface/transformers/.,github.com/huggingface/transformers,huggingface/transformers
Early risk detection of self-harm and depression severity using BERT-based transformers:iLab at CLEF eRisk 2020,Rodrigo Martínez-Castaño,https://publications.aston.ac.uk/id/eprint/44491/1/Martinez_Castano_et_al_Early_Risk_Detection_Self_harm_using_BERT_paper_50.pdf,0,https://github.com/brunneis/ilab-erisk-2020,github.com/brunneis/ilab-erisk-,brunneis/ilab-erisk-2020
Early risk detection of self-harm and depression severity using BERT-based transformers:iLab at CLEF eRisk 2020,Rodrigo Martínez-Castaño,https://publications.aston.ac.uk/id/eprint/44491/1/Martinez_Castano_et_al_Early_Risk_Detection_Self_harm_using_BERT_paper_50.pdf,3,https://github.com/labteral/ernie/,github.com/labteral/ernie,labteral/ernie
Early risk detection of self-harm and depression severity using BERT-based transformers:iLab at CLEF eRisk 2020,Rodrigo Martínez-Castaño,https://publications.aston.ac.uk/id/eprint/44491/1/Martinez_Castano_et_al_Early_Risk_Detection_Self_harm_using_BERT_paper_50.pdf,3,https://github.com/huggingface/transformers/,github.com/huggingface/transformers,huggingface/transformers
Structural and mechanistic analysis of a tripartite ATP-independent periplasmic TRAP transporter,Martin F Peter,https://publications.aston.ac.uk/id/eprint/44136/1/Structural_and_mechanistic_analysis_of_a_tripartite_ATP_independent_periplasmic_TRAP_transporter.pdf,12,https://github.com/deepmind/alphafold,github.com/deepmind/alphafold,deepmind/alphafold
Biographical Semi-Supervised Relation Extraction Dataset,Alistair Plum,https://publications.aston.ac.uk/id/eprint/44619/1/Plum_et_al_Biographical_Semi_Supervised_Relation_Extraction_Dataset_ArXiv_AAM.pdf,3,https://github.com/attardi/wikiextractor,github.com/attardi/wikiextractor,attardi/wikiextractor
TransQuest: Translation Quality Estimation with Cross-lingual Transformers,Tharindu Ranasinghe,https://publications.aston.ac.uk/id/eprint/44617/1/2020.coling_main.445.pdf,1,https://github.com/tharindudr/transquest,github.com/tharindudr/transquest,tharindudr/transquest
Intelligent Translation Memory Matching and Retrieval with Sentence Encoders,Tharindu Ranasinghe,https://publications.aston.ac.uk/id/eprint/44849/1/Ranasingheetal_2020_VoR.pdf,4,https://github.com/a-mma/AquilaDB,github.com/a-mma/AquilaDB,a-mma/AquilaDB
Intelligent Translation Memory Matching and Retrieval with Sentence Encoders,Tharindu Ranasinghe,https://publications.aston.ac.uk/id/eprint/44849/1/Ranasingheetal_2020_VoR.pdf,4,https://github.com/apache/couchdb,github.com/apache/couchdb,apache/couchdb
An Evaluation of Multilingual Offensive Language Identification Methods for the Languages of India,Tharindu Ranasinghe,https://publications.aston.ac.uk/id/eprint/44630/1/information_12_00306_v2.pdf,9,https://github.com/TharinduDR/DeepOffense/tree/,github.com/TharinduDR/DeepOffense,TharinduDR/DeepOffense
MUDES: Multilingual Detection of Offensive Spans,Tharindu Ranasinghe,https://publications.aston.ac.uk/id/eprint/44620/1/2021.naacl_demos.17.pdf,4,https://github.com/tharindudr/MUDES,github.com/tharindudr/MUDES,tharindudr/MUDES
Cannabidiol modulates excitatory-inhibitory ratio to counter hippocampal hyperactivity,Evan C. Rosenberg,https://publications.aston.ac.uk/id/eprint/44836/3/Rosenbergetal_2023_VoR.pdf,21,https://github.com/ecr305/punctacolocalization,github.com/ecr305/punctacolocalization,ecr305/punctacolocalization
Cannabidiol modulates excitatory-inhibitory ratio to counter hippocampal hyperactivity,Evan C. Rosenberg,https://publications.aston.ac.uk/id/eprint/44836/3/Rosenbergetal_2023_VoR.pdf,21,https://github.com/ecr305/ephysanalysis,github.com/ecr305/ephysanalysis,ecr305/ephysanalysis
Mapping Interictal activity in epilepsy using a hidden Markov model: A magnetoencephalography study,Zelekha A. Seedat,https://publications.aston.ac.uk/id/eprint/44544/1/Seedatetal_2022_VoR.pdf,6,https://github.com/ZSeedat/HMM_epilepsy.,github.com/ZSeedat/HMM_epilepsy,ZSeedat/HMM_epilepsy
Design of a Multi-Sensors Wearable Platform for Remote Monitoring of Knee Rehabilitation,Salvatore Tedesco,https://publications.aston.ac.uk/id/eprint/44723/1/Design_of_a_Multi_Sensors_Wearable_Platform_for_Remote_Monitoring_of_Knee_Rehabilitation.pdf,11,https://github.com/axios/axios),github.com/axios/axios,axios/axios
An open-source automated magnetic optical density meter for analysis of suspensions of magnetic cells and particles,Marcel K. Welleweerd,https://publications.aston.ac.uk/id/eprint/44241/1/Welleweerdetal_2022_VoR.pdf,18,https://github.com/LeonAbelmann/MagOD.,github.com/LeonAbelmann/MagOD,LeonAbelmann/MagOD
"AudiWFlow: Confidential, collusion-resistant auditing of distributed workflows",Xiaohu Zhou,https://publications.aston.ac.uk/id/eprint/43987/1/1_s2.0_S2096720922000148_main.pdf,6,https://github.com/Jency/AudiWFlow.git.,github.com/Jency/AudiWFlow,Jency/AudiWFlow
"AudiWFlow: Confidential, collusion-resistant auditing of distributed workflows",Xiaohu Zhou,https://publications.aston.ac.uk/id/eprint/43987/1/1_s2.0_S2096720922000148_main.pdf,6,https://github.com/antonionehme/AuditingWorkﬂows-Blockchain.,github.com/antonionehme/AuditingWorkflows-Blockchain,antonionehme/AuditingWorkflows-Blockchain
"AudiWFlow: Confidential, collusion-resistant auditing of distributed workflows",Xiaohu Zhou,https://publications.aston.ac.uk/id/eprint/43987/1/1_s2.0_S2096720922000148_main.pdf,6,https://github.com/nsol-nmsu/brite-patch.,github.com/nsol-nmsu/brite-patch,nsol-nmsu/brite-patch
"AudiWFlow: Confidential, collusion-resistant auditing of distributed workflows",Xiaohu Zhou,https://publications.aston.ac.uk/id/eprint/43987/1/1_s2.0_S2096720922000148_main.pdf,7,https://github.com/iancoleman/shamir/blo,github.com/iancoleman/shamir,iancoleman/shamir
